{"Select Potion Level":"","Auto Claim Prize":true,"Auto Best Pets":false,"Reduce Lag":false,"Allow Ping On Ping Message/ID":false,"Auto Claim Wheel Spin":true,"Webhook Hatched Egg Rarity":false,"Select Pets":"","Auto Upgrade Mastery Shops":false,"Auto Buy Storage":false,"Delay To Hatch Egg":"","Auto Collect Coins":true,"Auto Claim Giant Chest":true,"Select Potion":"","Auto Buy Blackmarket Shop":false,"Auto Upgrade Mastery Pets":false,"Auto Rift Eggs":false,"Auto Claim Infinity Chest":true,"Auto Claim Season":true,"Enable Walkspeed":false,"Auto Use Golden Orb":false,"Job ID":"","Auto Craft Potions":false,"Luck Threshold":"5","Auto Claim Mastery Box (Gift)":false,"Auto Claim Void Chest":true,"Auto Blow Bubble":false,"Full Bright":false,"Auto Buy Alien Shop":false,"CTRL + Click to Teleport":false,"Auto Blow Bubble (Faster)":true,"Allow Back To Tween if Rift Is Not Found":false,"Send Webhook Hatch":false,"Auto Use All Potion":false,"Auto Make Shiny Pets":false,"Show Screen White":false,"Set Speed":"","Auto Use Mastery Box (Gift)":false,"Auto Use Potion":false,"Select Eggs":"","Select Hatch Amount":"","Delay To Send":"","Boost FPS":false,"Auto Claim Index Shiny":true,"Auto Chest Rift":false,"Send Webhook Stats":false,"Select Rift Eggs ":[""],"Select Whitelist Rarity":[""],"Auto Collect Gems":true,"Auto Claim Gift":true,"Select Potions":"","Auto Reconnect":false,"Ping Message/ID":"","Auto Upgrade Mastery Buffs":false,"Auto Claim Index Normal":true,"Show Screen Black":false,"Auto Hatch Egg":false,"Webhook URL":"","Allow Craft All":false,"No Clip":false,"Select Enchants":[""],"Auto Buy Flavor":false,"Auto Enchants Pets":false,"Select Chest Rift":"","Infinite Jump":false,"Auto Use Power Orb":false,"Delay To Blow Bubble":""}